질문,대답
기업 전략에 맞는 IT 시스템 및 소프트웨어 추천은 무엇인가요?,"고객 관리 시스템 (CRM): 기업의 고객과의 관계를 효과적으로 관리하고 유지하기 위한 시스템입니다. CRM 소프트웨어를 도입하면 고객 데이터, 상호작용 기록, 판매 관리, 마케팅 자동화 등을 통해 고객 서비스와 관계 개선에 도움이 됩니다."
클라우드 기반 솔루션을 도입하는 것이 현명한 선택인가요?,"유연성과 확장성: 클라우드는 필요에 따라 IT 리소스를 확장하거나 축소할 수 있는 유연성을 제공합니다. 기업은 필요에 따라 서버, 스토리지, 네트워크 등의 리소스를 신속하게 조정할 수 있으며, 이는 업무 변동성과 성장에 대응하는 데 큰 도움이 됩니다."
사업의 디지털화를 어떻게 가속화할 수 있나요?,"데이터 중심 사고 방식: 데이터는 디지털화의 핵심 요소입니다. 기업은 데이터를 수집, 분석, 활용하여 인사이트를 도출하고 비즈니스 의사결정에 활용해야 합니다. 데이터 기반 의사결정을 지원하기 위해 데이터 분석 도구와 인프라를 구축하고 데이터 관리 및 보안에 대한 체계를 마련해야 합니다."
데이터 보안과 개인정보보호를 어떻게 강화할 수 있나요?,"엄격한 액세스 제어: 중요한 데이터에 접근하기 위해서는 엄격한 액세스 제어를 도입해야 합니다. 사용자 식별, 강력한 암호화 및 다단계 인증과 같은 보안 메커니즘을 사용하여 데이터에 접근하는 권한을 제한합니다."
IT 인프라를 어떻게 최적화하고 효율성을 높일 수 있나요?,"가상화와 컨테이너화: 가상화 기술을 활용하여 서버, 스토리지 및 네트워크 리소스를 효율적으로 활용할 수 있습니다. 가상 머신 또는 컨테이너를 사용하여 물리적인 서버를 가상으로 분할하고 여러 애플리케이션을 단일 서버에서 실행할 수 있습니다."
기업 전략에 맞는 IT 시스템 및 소프트웨어 추천은 무엇인가요?,"클라우드 컴퓨팅: Amazon Web Services(AWS), Microsoft Azure 또는 Google Cloud와 같은 클라우드 기반 솔루션을 채택하면 IT 인프라에 확장성, 유연성 및 비용 효율성을 제공할 수 있습니다."
클라우드 기반 솔루션을 도입하는 것이 현명한 선택인가요?,확장성 및 유연성: 클라우드 컴퓨팅을 통해 기업은 필요에 따라 IT 리소스를 확장하거나 축소할 수 있습니다. 이러한 유연성을 통해 기업은 변화하는 요구에 신속하게 대응하고 성장을 수용하며 리소스 할당을 최적화할 수 있습니다. 활용도가 낮거나 구식이 될 수 있는 값비싼 온프레미스 인프라에 투자할 필요가 없습니다.
사업의 디지털화를 어떻게 가속화할 수 있나요?,명확한 목표 설정: 디지털 혁신 목표 및 목표를 정의합니다. 디지털화하려는 비즈니스의 특정 영역과 달성하려는 결과를 식별하십시오. 이는 디지털화 노력에 대한 명확성과 방향성을 제공할 것입니다.
데이터 보안과 개인정보보호를 어떻게 강화할 수 있나요?,"강력한 액세스 제어 구현: 민감한 데이터에 대한 액세스가 승인된 직원으로만 제한되도록 합니다. 강력하고 고유한 암호를 사용하고 추가 보안 계층을 위해 다중 요소 인증(MFA) 구현을 고려하십시오. 더 이상 필요하지 않은 직원의 액세스 권한을 정기적으로 검토하고 취소합니다.
"
IT 인프라를 어떻게 최적화하고 효율성을 높일 수 있나요?,"현재 인프라 평가: 현재 IT 인프라를 철저히 평가하여 개선 영역을 식별합니다. 하드웨어, 소프트웨어, 네트워크 인프라 및 데이터 스토리지를 평가하여 병목 현상, 오래된 기술 및 최적화 영역을 결정합니다.
"
기업 전략에 맞는 IT 시스템 및 소프트웨어 추천은 무엇인가요?,기업별 소프트웨어를 전문가에게 상담받아 사용한다.
클라우드 기반 솔루션을 도입하는 것이 현명한 선택인가요?,클라우드 기반 솔루션은 적은 금액으로 높은 수준의 인프라를 구현할 수 있기 때문에 유리한 선택이라고 볼 수 있다.
사업의 디지털화를 어떻게 가속화할 수 있나요?,"자문가에게 상담을 받거나, 개발자를 추가로 고용하여 직책을 만드는 것이 가장 빠른 방법이다."
데이터 보안과 개인정보보호를 어떻게 강화할 수 있나요?,보안전문가를 사용한다.
IT 인프라를 어떻게 최적화하고 효율성을 높일 수 있나요?,전문가에게 자문을 받는다.